,ground truth outcome
pilot_dominoes_4mid_boxroom_2_0002_img,True
pilot_dominoes_0mid_d3chairs_o1plants_tdwroom_0018_img,True
pilot_dominoes_1mid_J025R45_o1full_tdwroom_0009_img,False
pilot_dominoes_1mid_J025R45_boxroom_0009_img,False
pilot_dominoes_0mid_d3chairs_o1plants_tdwroom_0022_img,False
pilot_dominoes_2mid_J020R15_d3chairs_o1plants_tdwroom_0019_img,True
pilot_dominoes_SJ020_d3chairs_o1plants_tdwroom_0016_img,True
pilot_dominoes_4midRM1_tdwroom_2_0002_img,False
pilot_dominoes_0mid_d3chairs_o1plants_tdwroom_0001_img,True
pilot_dominoes_0mid_d3chairs_o1plants_tdwroom_0026_img,False
pilot_dominoes_2mid_J020R15_d3chairs_o1plants_tdwroom_2_0028_img,True
pilot_dominoes_2mid_J020R15_d3chairs_o1plants_tdwroom_2_0024_img,False
pilot_dominoes_0mid_d3chairs_o1plants_tdwroom_0020_img,False
pilot_dominoes_4mid_boxroom_0003_img,True
pilot_dominoes_2mid_J020R15_d3chairs_o1plants_tdwroom_0001_img,True
pilot_dominoes_2mid_J025R30_tdwroom_0027_img,False
pilot_dominoes_1mid_J025R45_o1full_tdwroom_0023_img,False
pilot_dominoes_1mid_J025R45_o1full_tdwroom_0003_img,True
pilot_dominoes_4midRM1_boxroom_2_0005_img,False
pilot_dominoes_2mid_J020R15_d3chairs_o1plants_tdwroom_0020_img,False
pilot_dominoes_2mid_J020R15_d3chairs_o1plants_tdwroom_2_0002_img,False
pilot_dominoes_0mid_d3chairs_o1plants_tdwroom_0021_img,False
pilot_dominoes_1mid_J025R45_boxroom_0000_img,False
pilot_dominoes_SJ020_d3chairs_o1plants_tdwroom_0024_img,False
pilot_dominoes_1mid_J025R45_boxroom_0007_img,False
pilot_dominoes_1mid_J025R45_boxroom_0015_img,False
pilot_dominoes_0mid_d3chairs_o1plants_tdwroom_0025_img,False
pilot_dominoes_0mid_d3chairs_o1plants_tdwroom_0004_img,False
pilot_dominoes_0mid_d3chairs_o1plants_tdwroom_0005_img,False
pilot_dominoes_2mid_J020R15_d3chairs_o1plants_tdwroom_0004_img,False
pilot_dominoes_2mid_J020R15_d3chairs_o1plants_tdwroom_2_0010_img,True
pilot_dominoes_1mid_J025R45_boxroom_0017_img,False
pilot_dominoes_1mid_J025R45_o1full_tdwroom_0005_img,True
pilot_dominoes_1mid_J025R45_o1full_tdwroom_0024_img,False
pilot_dominoes_SJ020_d3chairs_o1plants_tdwroom_0002_img,True
pilot_dominoes_4mid_boxroom_2_0004_img,True
pilot_dominoes_1mid_J025R45_o1full_tdwroom_0000_img,True
pilot_dominoes_4midRM1_boxroom_2_0004_img,False
pilot_dominoes_2mid_J025R30_tdwroom_0012_img,False
pilot_dominoes_2mid_J020R15_d3chairs_o1plants_tdwroom_0002_img,False
pilot_dominoes_1mid_J025R45_o1full_tdwroom_0025_img,False
pilot_dominoes_1mid_J025R45_o1full_tdwroom_0020_img,True
pilot_dominoes_4mid_tdwroom_0005_img,True
pilot_dominoes_4midRM1_tdwroom_0000_img,False
pilot_dominoes_SJ020_d3chairs_o1plants_tdwroom_0008_img,False
pilot_dominoes_1mid_J025R45_o1full_tdwroom_0002_img,True
pilot_dominoes_1mid_J025R45_boxroom_0027_img,True
pilot_dominoes_2mid_J020R15_d3chairs_o1plants_tdwroom_2_0016_img,False
pilot_dominoes_1mid_J025R45_boxroom_0006_img,True
pilot_dominoes_SJ020_d3chairs_o1plants_tdwroom_0021_img,True
pilot_dominoes_2mid_J020R15_d3chairs_o1plants_tdwroom_2_0021_img,True
pilot_dominoes_2mid_J025R30_tdwroom_0024_img,True
pilot_dominoes_2mid_J020R15_d3chairs_o1plants_tdwroom_2_0022_img,False
pilot_dominoes_2mid_J025R30_tdwroom_0007_img,True
pilot_dominoes_SJ020_d3chairs_o1plants_tdwroom_0018_img,True
pilot_dominoes_2mid_J025R30_tdwroom_0028_img,True
pilot_dominoes_4midRM1_tdwroom_0003_img,False
pilot_dominoes_0mid_d3chairs_o1plants_tdwroom_0013_img,False
pilot_dominoes_2mid_J020R15_d3chairs_o1plants_tdwroom_0023_img,True
pilot_dominoes_4mid_boxroom_0002_img,True
pilot_dominoes_2mid_J020R15_d3chairs_o1plants_tdwroom_0021_img,True
pilot_dominoes_2mid_J020R15_d3chairs_o1plants_tdwroom_0008_img,True
pilot_dominoes_2mid_J020R15_d3chairs_o1plants_tdwroom_2_0029_img,True
pilot_dominoes_1mid_J025R45_o1full_tdwroom_0015_img,True
pilot_dominoes_0mid_d3chairs_o1plants_tdwroom_0012_img,False
pilot_dominoes_1mid_J025R45_boxroom_0005_img,True
pilot_dominoes_0mid_d3chairs_o1plants_tdwroom_0017_img,False
pilot_dominoes_2mid_J020R15_d3chairs_o1plants_tdwroom_0013_img,False
pilot_dominoes_4mid_boxroom_2_0000_img,True
pilot_dominoes_SJ020_d3chairs_o1plants_tdwroom_0012_img,True
pilot_dominoes_4mid_boxroom_0006_img,True
pilot_dominoes_2mid_J020R15_d3chairs_o1plants_tdwroom_2_0017_img,False
pilot_dominoes_2mid_J025R30_tdwroom_0003_img,False
pilot_dominoes_SJ020_d3chairs_o1plants_tdwroom_0010_img,False
pilot_dominoes_1mid_J025R45_o1full_tdwroom_0007_img,False
pilot_dominoes_SJ020_d3chairs_o1plants_tdwroom_0006_img,True
pilot_dominoes_1mid_J025R45_o1full_tdwroom_0006_img,True
pilot_dominoes_2mid_J020R15_d3chairs_o1plants_tdwroom_2_0011_img,True
pilot_dominoes_2mid_J025R30_tdwroom_0022_img,False
pilot_dominoes_1mid_J025R45_o1full_tdwroom_0001_img,False
pilot_dominoes_0mid_d3chairs_o1plants_tdwroom_0008_img,False
pilot_dominoes_4midRM1_boxroom_0002_img,False
pilot_dominoes_2mid_J025R30_tdwroom_0016_img,False
pilot_dominoes_2mid_J020R15_d3chairs_o1plants_tdwroom_2_0007_img,False
pilot_dominoes_0mid_d3chairs_o1plants_tdwroom_0019_img,False
pilot_dominoes_1mid_J025R45_o1full_tdwroom_0028_img,False
pilot_dominoes_1mid_J025R45_boxroom_0022_img,True
pilot_dominoes_2mid_J025R30_tdwroom_0000_img,False
pilot_dominoes_4mid_boxroom_2_0003_img,True
pilot_dominoes_0mid_d3chairs_o1plants_tdwroom_0027_img,False
pilot_dominoes_4midRM1_boxroom_2_0000_img,False
pilot_dominoes_SJ020_d3chairs_o1plants_tdwroom_0013_img,True
pilot_dominoes_2mid_J020R15_d3chairs_o1plants_tdwroom_2_0006_img,True
pilot_dominoes_2mid_J020R15_d3chairs_o1plants_tdwroom_2_0026_img,False
pilot_dominoes_2mid_J020R15_d3chairs_o1plants_tdwroom_2_0020_img,False
pilot_dominoes_1mid_J025R45_o1full_tdwroom_0021_img,True
pilot_dominoes_1mid_J025R45_o1full_tdwroom_0008_img,True
pilot_dominoes_2mid_J020R15_d3chairs_o1plants_tdwroom_2_0025_img,True
pilot_dominoes_0mid_d3chairs_o1plants_tdwroom_0007_img,False
pilot_dominoes_2mid_J020R15_d3chairs_o1plants_tdwroom_2_0012_img,True
pilot_dominoes_1mid_J025R45_boxroom_0010_img,False
pilot_dominoes_4midRM1_boxroom_0003_img,False
pilot_dominoes_SJ020_d3chairs_o1plants_tdwroom_0023_img,True
pilot_dominoes_2mid_J025R30_tdwroom_0015_img,True
pilot_dominoes_2mid_J020R15_d3chairs_o1plants_tdwroom_0024_img,False
pilot_dominoes_1mid_J025R45_boxroom_0023_img,True
pilot_dominoes_4midRM1_tdwroom_0001_img,False
pilot_dominoes_1mid_J025R45_boxroom_0003_img,True
pilot_dominoes_SJ020_d3chairs_o1plants_tdwroom_0015_img,False
pilot_dominoes_0mid_d3chairs_o1plants_tdwroom_0016_img,False
pilot_dominoes_SJ020_d3chairs_o1plants_tdwroom_0011_img,True
pilot_dominoes_SJ020_d3chairs_o1plants_tdwroom_0022_img,False
pilot_dominoes_2mid_J020R15_d3chairs_o1plants_tdwroom_2_0009_img,False
pilot_dominoes_4midRM1_boxroom_0001_img,False
pilot_dominoes_2mid_J025R30_tdwroom_0018_img,True
pilot_dominoes_1mid_J025R45_o1full_tdwroom_0004_img,True
pilot_dominoes_2mid_J025R30_tdwroom_0029_img,True
pilot_dominoes_4midRM1_tdwroom_0004_img,False
pilot_dominoes_1mid_J025R45_o1full_tdwroom_0026_img,True
pilot_dominoes_1mid_J025R45_boxroom_0004_img,True
pilot_dominoes_SJ020_d3chairs_o1plants_tdwroom_0007_img,False
pilot_dominoes_2mid_J020R15_d3chairs_o1plants_tdwroom_2_0003_img,True
pilot_dominoes_2mid_J025R30_tdwroom_0008_img,False
pilot_dominoes_2mid_J025R30_tdwroom_0019_img,False
pilot_dominoes_2mid_J020R15_d3chairs_o1plants_tdwroom_0028_img,True
pilot_dominoes_2mid_J020R15_d3chairs_o1plants_tdwroom_0009_img,False
pilot_dominoes_4mid_boxroom_0001_img,True
pilot_dominoes_1mid_J025R45_o1full_tdwroom_0017_img,False
pilot_dominoes_1mid_J025R45_boxroom_0019_img,True
pilot_dominoes_4midRM1_tdwroom_0006_img,False
pilot_dominoes_2mid_J020R15_d3chairs_o1plants_tdwroom_2_0023_img,True
pilot_dominoes_2mid_J020R15_d3chairs_o1plants_tdwroom_0012_img,True
pilot_dominoes_2mid_J025R30_tdwroom_0014_img,True
pilot_dominoes_SJ020_d3chairs_o1plants_tdwroom_0005_img,True
pilot_dominoes_1mid_J025R45_boxroom_0029_img,True
pilot_dominoes_1mid_J025R45_o1full_tdwroom_0010_img,True
pilot_dominoes_1mid_J025R45_boxroom_0020_img,True
pilot_dominoes_4mid_tdwroom_0001_img,True
pilot_dominoes_2mid_J020R15_d3chairs_o1plants_tdwroom_2_0008_img,True
pilot_dominoes_2mid_J025R30_tdwroom_0006_img,True
pilot_dominoes_1mid_J025R45_boxroom_0025_img,True
pilot_dominoes_1mid_J025R45_boxroom_0026_img,False
pilot_dominoes_1mid_J025R45_o1full_tdwroom_0014_img,True
pilot_dominoes_2mid_J020R15_d3chairs_o1plants_tdwroom_0005_img,False
pilot_dominoes_SJ020_d3chairs_o1plants_tdwroom_0028_img,False
pilot_dominoes_2mid_J020R15_d3chairs_o1plants_tdwroom_0007_img,False
pilot_dominoes_SJ020_d3chairs_o1plants_tdwroom_0029_img,True
pilot_dominoes_4mid_tdwroom_0002_img,True
pilot_dominoes_2mid_J025R30_tdwroom_0005_img,False
pilot_dominoes_2mid_J020R15_d3chairs_o1plants_tdwroom_0000_img,True
pilot_it2_collision_tiny_ball_tdw_2_dis_2_occ_0003_img,False
pilot_it2_collision_non-sphere_box_2_dis_2_occ_0000_img,True
pilot_it2_collision_yeet_box_1_dis_1_occ_0006_img,True
pilot_it2_collision_yeet_tdw_2_dis_2_occ_0007_img,True
pilot_it2_collision_non-sphere_tdw_2_dis_2_occ_0004_img,False
pilot_it2_collision_assorted_targets_box_2_dis_2_occ_0004_img,True
pilot_it2_collision_yeet_box_0000_img,True
pilot_it2_collision_non-sphere_tdw_2_dis_2_occ_0008_img,False
pilot_it2_collision_simple_box_2_dis_2_occ_0005_img,True
pilot_it2_collision_tiny_ball_box_0004_img,True
pilot_it2_collision_tiny_ball_tdw_2_dis_2_occ_0004_img,False
pilot_it2_collision_non-sphere_tdw_1_dis_1_occ_0009_img,True
pilot_it2_collision_tiny_ball_tdw_1_dis_1_occ_0000_img,True
pilot_it2_collision_yeet_box_2_dis_2_occ_0007_img,False
pilot_it2_collision_yeet_tdw_2_dis_2_occ_0003_img,True
pilot_it2_collision_simple_tdw_2_dis_2_occ_0006_img,True
pilot_it2_collision_non-sphere_box_1_dis_1_occ_0009_img,False
pilot_it2_collision_tiny_ball_box_2_dis_2_occ_0008_img,False
pilot_it2_collision_yeet_box_1_dis_1_occ_0000_img,True
pilot_it2_collision_tiny_ball_box_1_dis_1_occ_0007_img,False
pilot_it2_collision_yeet_box_2_dis_2_occ_0000_img,False
pilot_it2_collision_assorted_targets_tdw_2_dis_2_occ_0007_img,False
pilot_it2_collision_non-sphere_box_2_dis_2_occ_0003_img,True
pilot_it2_collision_yeet_box_2_dis_2_occ_0001_img,False
pilot_it2_collision_non-sphere_tdw_1_dis_1_occ_0008_img,False
pilot_it2_collision_non-sphere_box_2_dis_2_occ_0007_img,False
pilot_it2_collision_assorted_targets_tdw_1_dis_1_occ_0009_img,False
pilot_it2_collision_simple_box_1_dis_1_occ_0001_img,True
pilot_it2_collision_assorted_targets_tdw_1_dis_1_occ_0007_img,True
pilot_it2_collision_non-sphere_box_0001_img,True
pilot_it2_collision_non-sphere_box_0007_img,False
pilot_it2_collision_yeet_box_1_dis_1_occ_0008_img,True
pilot_it2_collision_yeet_box_0001_img,False
pilot_it2_collision_yeet_box_0002_img,False
pilot_it2_collision_non-sphere_tdw_1_dis_1_occ_0000_img,False
pilot_it2_collision_simple_tdw_2_dis_2_occ_0001_img,True
pilot_it2_collision_non-sphere_tdw_2_dis_2_occ_0001_img,False
pilot_it2_collision_yeet_tdw_1_dis_1_occ_0001_img,False
pilot_it2_collision_simple_box_1_dis_1_occ_0006_img,True
pilot_it2_collision_yeet_box_0004_img,True
pilot_it2_collision_assorted_targets_tdw_1_dis_1_occ_0008_img,False
pilot_it2_collision_yeet_tdw_2_dis_2_occ_0000_img,False
pilot_it2_collision_tiny_ball_box_1_dis_1_occ_0002_img,False
pilot_it2_collision_non-sphere_tdw_1_dis_1_occ_0004_img,True
pilot_it2_collision_tiny_ball_box_0005_img,True
pilot_it2_collision_non-sphere_box_2_dis_2_occ_0004_img,False
pilot_it2_collision_tiny_ball_tdw_2_dis_2_occ_0008_img,True
pilot_it2_collision_assorted_targets_box_1_dis_1_occ_0000_img,False
pilot_it2_collision_yeet_tdw_1_dis_1_occ_0006_img,False
pilot_it2_collision_non-sphere_box_1_dis_1_occ_0002_img,False
pilot_it2_collision_assorted_targets_box_0009_img,True
pilot_it2_collision_simple_box_2_dis_2_occ_0004_img,False
pilot_it2_collision_tiny_ball_box_0006_img,True
pilot_it2_collision_simple_tdw_2_dis_2_occ_0003_img,True
pilot_it2_collision_tiny_ball_box_0009_img,False
pilot_it2_collision_tiny_ball_box_1_dis_1_occ_0006_img,True
pilot_it2_collision_yeet_box_1_dis_1_occ_0003_img,False
pilot_it2_collision_assorted_targets_box_0001_img,True
pilot_it2_collision_assorted_targets_tdw_1_dis_1_occ_0004_img,False
pilot_it2_collision_yeet_box_1_dis_1_occ_0001_img,False
pilot_it2_collision_assorted_targets_tdw_2_dis_2_occ_0008_img,True
pilot_it2_collision_yeet_box_1_dis_1_occ_0009_img,True
pilot_it2_collision_tiny_ball_box_1_dis_1_occ_0003_img,True
pilot_it2_collision_assorted_targets_tdw_1_dis_1_occ_0005_img,True
pilot_it2_collision_yeet_tdw_1_dis_1_occ_0003_img,False
pilot_it2_collision_yeet_box_0007_img,False
pilot_it2_collision_non-sphere_box_1_dis_1_occ_0000_img,False
pilot_it2_collision_tiny_ball_box_1_dis_1_occ_0005_img,True
pilot_it2_collision_non-sphere_box_0005_img,True
pilot_it2_collision_non-sphere_box_0008_img,True
pilot_it2_collision_simple_tdw_2_dis_2_occ_0000_img,True
pilot_it2_collision_tiny_ball_tdw_1_dis_1_occ_0003_img,False
pilot_it2_collision_non-sphere_box_2_dis_2_occ_0008_img,False
pilot_it2_collision_tiny_ball_box_0000_img,True
pilot_it2_collision_assorted_targets_tdw_2_dis_2_occ_0000_img,True
pilot_it2_collision_assorted_targets_tdw_2_dis_2_occ_0004_img,False
pilot_it2_collision_assorted_targets_box_1_dis_1_occ_0004_img,False
pilot_it2_collision_tiny_ball_box_1_dis_1_occ_0001_img,True
pilot_it2_collision_yeet_box_1_dis_1_occ_0002_img,True
pilot_it2_collision_assorted_targets_tdw_1_dis_1_occ_0002_img,True
pilot_it2_collision_simple_box_2_dis_2_occ_0008_img,True
pilot_it2_collision_non-sphere_tdw_2_dis_2_occ_0006_img,True
pilot_it2_collision_non-sphere_tdw_2_dis_2_occ_0003_img,True
pilot_it2_collision_tiny_ball_tdw_2_dis_2_occ_0006_img,True
pilot_it2_collision_tiny_ball_tdw_2_dis_2_occ_0005_img,True
pilot_it2_collision_tiny_ball_box_2_dis_2_occ_0002_img,True
pilot_it2_collision_tiny_ball_tdw_1_dis_1_occ_0001_img,True
pilot_it2_collision_simple_box_2_dis_2_occ_0009_img,False
pilot_it2_collision_non-sphere_box_0006_img,True
pilot_it2_collision_assorted_targets_box_2_dis_2_occ_0002_img,True
pilot_it2_collision_tiny_ball_box_2_dis_2_occ_0005_img,False
pilot_it2_collision_yeet_box_0005_img,True
pilot_it2_collision_assorted_targets_box_1_dis_1_occ_0002_img,False
pilot_it2_collision_non-sphere_box_1_dis_1_occ_0003_img,False
pilot_it2_collision_yeet_box_1_dis_1_occ_0005_img,False
pilot_it2_collision_assorted_targets_tdw_1_dis_1_occ_0003_img,False
pilot_it2_collision_yeet_box_1_dis_1_occ_0004_img,True
pilot_it2_collision_non-sphere_box_1_dis_1_occ_0006_img,True
pilot_it2_collision_simple_box_1_dis_1_occ_0004_img,False
pilot_it2_collision_assorted_targets_box_1_dis_1_occ_0006_img,False
pilot_it2_collision_tiny_ball_box_0002_img,False
pilot_it2_collision_assorted_targets_box_2_dis_2_occ_0008_img,False
pilot_it2_collision_simple_box_1_dis_1_occ_0003_img,False
pilot_it2_collision_non-sphere_box_0004_img,False
pilot_it2_collision_tiny_ball_box_2_dis_2_occ_0006_img,True
pilot_it2_collision_tiny_ball_box_1_dis_1_occ_0000_img,True
pilot_it2_collision_non-sphere_box_2_dis_2_occ_0009_img,True
pilot_it2_collision_simple_box_2_dis_2_occ_0002_img,True
pilot_it2_collision_tiny_ball_box_2_dis_2_occ_0007_img,True
pilot_it2_collision_tiny_ball_box_0001_img,True
pilot_it2_collision_assorted_targets_tdw_1_dis_1_occ_0000_img,False
pilot_it2_collision_assorted_targets_box_1_dis_1_occ_0008_img,False
pilot_it2_collision_simple_tdw_2_dis_2_occ_0008_img,False
pilot_it2_collision_simple_tdw_2_dis_2_occ_0005_img,False
pilot_it2_collision_assorted_targets_box_2_dis_2_occ_0007_img,True
pilot_it2_collision_yeet_box_2_dis_2_occ_0002_img,False
pilot_it2_collision_tiny_ball_box_1_dis_1_occ_0004_img,True
pilot_it2_collision_tiny_ball_tdw_1_dis_1_occ_0005_img,True
pilot_it2_collision_non-sphere_tdw_1_dis_1_occ_0002_img,True
pilot_it2_collision_simple_tdw_2_dis_2_occ_0002_img,True
pilot_it2_collision_tiny_ball_tdw_2_dis_2_occ_0009_img,False
pilot_it2_collision_yeet_tdw_2_dis_2_occ_0005_img,True
pilot_it2_collision_assorted_targets_box_2_dis_2_occ_0001_img,False
pilot_it2_collision_assorted_targets_tdw_2_dis_2_occ_0002_img,False
pilot_it2_collision_non-sphere_tdw_1_dis_1_occ_0007_img,True
pilot_it2_collision_tiny_ball_tdw_1_dis_1_occ_0002_img,False
pilot_it2_collision_non-sphere_box_1_dis_1_occ_0001_img,True
pilot_it2_collision_tiny_ball_tdw_1_dis_1_occ_0008_img,True
pilot_it2_collision_yeet_box_2_dis_2_occ_0006_img,False
pilot_it2_collision_yeet_box_2_dis_2_occ_0004_img,False
pilot_it2_collision_yeet_box_2_dis_2_occ_0009_img,False
pilot_it2_collision_yeet_box_1_dis_1_occ_0007_img,False
pilot_it2_collision_assorted_targets_box_1_dis_1_occ_0001_img,True
pilot_it2_collision_tiny_ball_tdw_1_dis_1_occ_0007_img,False
pilot_it2_collision_assorted_targets_tdw_2_dis_2_occ_0006_img,False
pilot_it2_collision_non-sphere_box_1_dis_1_occ_0005_img,True
pilot_it2_collision_yeet_box_2_dis_2_occ_0003_img,False
pilot_it2_collision_assorted_targets_tdw_2_dis_2_occ_0009_img,True
pilot_it2_collision_non-sphere_tdw_2_dis_2_occ_0009_img,True
pilot_it2_collision_yeet_tdw_2_dis_2_occ_0004_img,False
pilot_it2_collision_yeet_tdw_1_dis_1_occ_0004_img,False
pilot_it2_collision_yeet_tdw_1_dis_1_occ_0005_img,False
pilot_it2_collision_assorted_targets_box_2_dis_2_occ_0000_img,True
pilot_it2_collision_tiny_ball_tdw_1_dis_1_occ_0004_img,False
pilot_it2_collision_simple_tdw_2_dis_2_occ_0007_img,False
pilot_it2_collision_simple_box_1_dis_1_occ_0005_img,True
pilot_it2_collision_assorted_targets_box_0005_img,False
pilot_it2_collision_simple_box_2_dis_2_occ_0007_img,True
pilot_it2_collision_yeet_box_0009_img,False
pilot_it2_collision_yeet_tdw_1_dis_1_occ_0008_img,False
pilot_towers_nb4_fr015_SJ000_gr-01_mono1_dis1_occ1_boxroom_0009_img,True
pilot_towers_nb3_fr015_SJ025_mono1_dis0_occ0_tdwroom_0002_img,False
pilot_towers_nb3_fr015_SJ025_mono1_dis0_occ0_tdwroom_0007_img,False
pilot_towers_nb4_fr015_SJ000_gr-01_mono1_dis1_occ1_boxroom_0014_img,False
pilot_towers_nb2_fr015_SJ010_mono0_dis0_occ0_tdwroom_0016_img,True
pilot_towers_nb4_fr015_SJ000_gr-01_mono1_dis1_occ1_boxroom_0013_img,True
pilot_towers_nb4_fr015_SJ000_gr000sph_mono1_dis0_occ0_tdwroom_0014_img,True
pilot_towers_nb3_fr015_SJ025_mono1_dis0_occ0_tdwroom_0000_img,False
pilot_towers_nb4_fr015_SJ000_gr000sph_mono1_dis0_occ0_tdwroom_0011_img,False
pilot_towers_nb4_fr015_SJ000_gr015sph_mono1_dis0_occ0_tdwroom_0002_img,False
pilot_towers_nb5_fr015_SJ030_mono0_dis0_occ0_boxroom_0016_img,True
pilot_towers_nb3_fr015_SJ025_mono1_dis0_occ0_tdwroom_0015_img,True
pilot_towers_nb2_fr015_SJ010_mono1_dis1_occ1_tdwroom_0009_img,True
pilot_towers_nb4_fr015_SJ000_gr01_mono1_dis0_occ0_boxroom_0014_img,False
pilot_towers_nb4_fr015_SJ000_gr01_mono0_dis1_occ1_tdwroom_0010_img,False
pilot_towers_nb4_fr015_SJ000_gr01_mono0_dis1_occ1_tdwroom_0012_img,False
pilot_towers_nb3_fr015_SJ025_mono1_dis0_occ0_tdwroom_0016_img,True
pilot_towers_nb4_fr015_SJ000_gr01_mono1_dis0_occ0_boxroom_0018_img,False
pilot_towers_nb4_fr015_SJ000_gr000sph_mono1_dis0_occ0_tdwroom_0012_img,False
pilot_towers_nb2_fr015_SJ010_mono1_dis1_occ1_tdwroom_0011_img,True
pilot_towers_nb2_fr015_SJ010_mono1_dis1_occ1_tdwroom_0002_img,False
pilot_towers_nb4_SJ025_mono1_dis1_occ1_boxroom_0008_img,False
pilot_towers_nb4_fr015_SJ000_gr-01_mono1_dis1_occ1_boxroom_0016_img,True
pilot_towers_nb4_SJ025_mono1_dis1_occ1_boxroom_0001_img,True
pilot_towers_nb4_SJ025_mono1_dis0_occ0_tdwroom_0016_img,True
pilot_towers_nb4_fr015_SJ000_gr-01_mono1_dis1_occ1_boxroom_0004_img,True
pilot_towers_nb4_fr015_SJ000_gr01_mono1_dis0_occ0_boxroom_0011_img,False
pilot_towers_nb2_fr015_SJ010_mono0_dis0_occ0_tdwroom_0001_img,True
pilot_towers_nb4_fr015_SJ000_gr015sph_mono1_dis0_occ0_tdwroom_0015_img,True
pilot_towers_nb4_fr015_SJ000_gr01_mono0_dis1_occ1_tdwroom_0017_img,False
pilot_towers_nb2_fr015_SJ010_mono1_dis1_occ1_tdwroom_0016_img,True
pilot_towers_nb5_fr015_SJ030_mono0_dis0_occ0_boxroom_0005_img,True
pilot_towers_nb4_SJ025_mono1_dis1_occ1_boxroom_0019_img,False
pilot_towers_nb4_fr015_SJ000_gr015sph_mono1_dis0_occ0_tdwroom_0012_img,False
pilot_towers_nb4_fr015_SJ000_gr000sph_mono1_dis0_occ0_tdwroom_0018_img,False
pilot_towers_nb2_fr015_SJ010_mono1_dis1_occ1_tdwroom_0001_img,False
pilot_towers_nb2_fr015_SJ010_mono1_dis1_occ1_tdwroom_0015_img,False
pilot_towers_nb4_SJ025_mono1_dis0_occ0_tdwroom_0005_img,False
pilot_towers_nb4_fr015_SJ000_gr01_mono1_dis0_occ0_boxroom_0012_img,False
pilot_towers_nb2_fr015_SJ010_mono0_dis0_occ0_tdwroom_0008_img,True
pilot_towers_nb4_fr015_SJ000_gr000sph_mono1_dis0_occ0_tdwroom_0001_img,True
pilot_towers_nb4_fr015_SJ000_gr-01_mono1_dis1_occ1_boxroom_0011_img,True
pilot_towers_nb3_fr015_SJ025_mono1_dis0_occ0_tdwroom_0009_img,True
pilot_towers_nb4_fr015_SJ000_gr015sph_mono1_dis0_occ0_tdwroom_0010_img,False
pilot_towers_nb4_fr015_SJ000_gr01_mono0_dis1_occ1_tdwroom_0015_img,False
pilot_towers_nb4_fr015_SJ000_gr015sph_mono1_dis0_occ0_tdwroom_0011_img,False
pilot_towers_nb4_fr015_SJ000_gr01_mono0_dis1_occ1_tdwroom_0003_img,True
pilot_towers_nb4_SJ025_mono1_dis0_occ0_tdwroom_0010_img,False
pilot_towers_nb4_fr015_SJ000_gr015sph_mono1_dis0_occ0_tdwroom_0006_img,False
pilot_towers_nb4_fr015_SJ000_gr015sph_mono1_dis0_occ0_tdwroom_0014_img,False
pilot_towers_nb4_SJ025_mono1_dis1_occ1_boxroom_0011_img,True
pilot_towers_nb4_SJ025_mono1_dis1_occ1_boxroom_0013_img,True
pilot_towers_nb4_fr015_SJ000_gr01_mono1_dis0_occ0_boxroom_0000_img,False
pilot_towers_nb2_fr015_SJ010_mono0_dis0_occ0_tdwroom_0012_img,True
pilot_towers_nb4_fr015_SJ000_gr01_mono1_dis0_occ0_boxroom_0019_img,False
pilot_towers_nb5_fr015_SJ030_mono0_dis0_occ0_boxroom_0018_img,True
pilot_towers_nb5_fr015_SJ030_mono0_dis0_occ0_boxroom_0004_img,True
pilot_towers_nb4_SJ025_mono1_dis1_occ1_boxroom_0017_img,False
pilot_towers_nb4_fr015_SJ000_gr015sph_mono1_dis0_occ0_tdwroom_0016_img,False
pilot_towers_nb2_fr015_SJ010_mono1_dis1_occ1_tdwroom_0018_img,True
pilot_towers_nb4_fr015_SJ000_gr000sph_mono1_dis0_occ0_tdwroom_0010_img,True
pilot_towers_nb4_fr015_SJ000_gr01_mono1_dis0_occ0_boxroom_0001_img,False
pilot_towers_nb2_fr015_SJ010_mono0_dis0_occ0_tdwroom_0002_img,False
pilot_towers_nb4_SJ025_mono1_dis0_occ0_tdwroom_0007_img,True
pilot_towers_nb2_fr015_SJ010_mono1_dis1_occ1_tdwroom_0014_img,False
pilot_towers_nb5_fr015_SJ030_mono0_dis0_occ0_boxroom_0007_img,True
pilot_towers_nb4_fr015_SJ000_gr01_mono1_dis0_occ0_boxroom_0013_img,True
pilot_towers_nb4_fr015_SJ000_gr000sph_mono1_dis0_occ0_tdwroom_0003_img,False
pilot_towers_nb2_fr015_SJ010_mono0_dis0_occ0_tdwroom_0018_img,True
pilot_towers_nb4_SJ025_mono1_dis1_occ1_boxroom_0006_img,False
pilot_towers_nb4_fr015_SJ000_gr01_mono0_dis1_occ1_tdwroom_0008_img,False
pilot_towers_nb4_SJ025_mono1_dis0_occ0_tdwroom_0001_img,True
pilot_towers_nb4_fr015_SJ000_gr-01_mono1_dis1_occ1_boxroom_0008_img,False
pilot_towers_nb4_SJ025_mono1_dis0_occ0_tdwroom_0008_img,False
pilot_towers_nb4_SJ025_mono1_dis0_occ0_tdwroom_0003_img,True
pilot_towers_nb2_fr015_SJ010_mono0_dis0_occ0_tdwroom_0009_img,True
pilot_towers_nb4_fr015_SJ000_gr01_mono1_dis0_occ0_boxroom_0003_img,False
pilot_towers_nb4_SJ025_mono1_dis1_occ1_boxroom_0009_img,True
pilot_towers_nb4_fr015_SJ000_gr015sph_mono1_dis0_occ0_tdwroom_0009_img,False
pilot_towers_nb5_fr015_SJ030_mono0_dis0_occ0_boxroom_0009_img,False
pilot_towers_nb4_fr015_SJ000_gr-01_mono1_dis1_occ1_boxroom_0000_img,True
pilot_towers_nb4_fr015_SJ000_gr000sph_mono1_dis0_occ0_tdwroom_0013_img,True
pilot_towers_nb4_fr015_SJ000_gr01_mono1_dis0_occ0_boxroom_0016_img,False
pilot_towers_nb4_SJ025_mono1_dis0_occ0_tdwroom_0011_img,True
pilot_towers_nb4_fr015_SJ000_gr015sph_mono1_dis0_occ0_tdwroom_0017_img,False
pilot_towers_nb4_fr015_SJ000_gr01_mono1_dis0_occ0_boxroom_0010_img,False
pilot_towers_nb4_fr015_SJ000_gr01_mono0_dis1_occ1_tdwroom_0004_img,True
pilot_towers_nb4_fr015_SJ000_gr01_mono1_dis0_occ0_boxroom_0005_img,False
pilot_towers_nb4_fr015_SJ000_gr000sph_mono1_dis0_occ0_tdwroom_0005_img,True
pilot_towers_nb5_fr015_SJ030_mono0_dis0_occ0_boxroom_0012_img,False
pilot_towers_nb2_fr015_SJ010_mono1_dis1_occ1_tdwroom_0005_img,True
pilot_towers_nb5_fr015_SJ030_mono0_dis0_occ0_boxroom_0008_img,True
pilot_towers_nb4_SJ025_mono1_dis0_occ0_tdwroom_0018_img,True
pilot_towers_nb4_fr015_SJ000_gr-01_mono1_dis1_occ1_boxroom_0001_img,False
pilot_towers_nb4_SJ025_mono1_dis0_occ0_tdwroom_0000_img,True
pilot_towers_nb2_fr015_SJ010_mono0_dis0_occ0_tdwroom_0019_img,False
pilot_towers_nb2_fr015_SJ010_mono0_dis0_occ0_tdwroom_0014_img,False
pilot_towers_nb2_fr015_SJ010_mono1_dis1_occ1_tdwroom_0003_img,False
pilot_towers_nb4_fr015_SJ000_gr-01_mono1_dis1_occ1_boxroom_0018_img,False
pilot_towers_nb3_fr015_SJ025_mono1_dis0_occ0_tdwroom_0010_img,True
pilot_towers_nb3_fr015_SJ025_mono1_dis0_occ0_tdwroom_0012_img,True
pilot_towers_nb4_fr015_SJ000_gr01_mono1_dis0_occ0_boxroom_0006_img,True
pilot_towers_nb4_SJ025_mono1_dis1_occ1_boxroom_0002_img,False
pilot_towers_nb5_fr015_SJ030_mono0_dis0_occ0_boxroom_0014_img,False
pilot_towers_nb4_SJ025_mono1_dis1_occ1_boxroom_0014_img,True
pilot_towers_nb5_fr015_SJ030_mono0_dis0_occ0_boxroom_0010_img,True
pilot_towers_nb4_SJ025_mono1_dis0_occ0_tdwroom_0019_img,True
pilot_towers_nb5_fr015_SJ030_mono0_dis0_occ0_boxroom_0019_img,False
pilot_towers_nb4_SJ025_mono1_dis0_occ0_tdwroom_0002_img,True
pilot_towers_nb4_fr015_SJ000_gr01_mono0_dis1_occ1_tdwroom_0016_img,False
pilot_towers_nb4_SJ025_mono1_dis0_occ0_tdwroom_0013_img,True
pilot_towers_nb4_fr015_SJ000_gr000sph_mono1_dis0_occ0_tdwroom_0007_img,False
pilot_towers_nb2_fr015_SJ010_mono1_dis1_occ1_tdwroom_0012_img,False
pilot_towers_nb2_fr015_SJ010_mono0_dis0_occ0_tdwroom_0017_img,True
pilot_towers_nb3_fr015_SJ025_mono1_dis0_occ0_tdwroom_0013_img,True
pilot_towers_nb4_fr015_SJ000_gr000sph_mono1_dis0_occ0_tdwroom_0002_img,False
pilot_towers_nb4_fr015_SJ000_gr01_mono1_dis0_occ0_boxroom_0009_img,True
pilot_towers_nb4_fr015_SJ000_gr015sph_mono1_dis0_occ0_tdwroom_0019_img,False
pilot_towers_nb5_fr015_SJ030_mono0_dis0_occ0_boxroom_0015_img,True
pilot_towers_nb4_fr015_SJ000_gr000sph_mono1_dis0_occ0_tdwroom_0008_img,False
pilot_towers_nb4_SJ025_mono1_dis0_occ0_tdwroom_0014_img,True
pilot_towers_nb2_fr015_SJ010_mono0_dis0_occ0_tdwroom_0015_img,False
pilot_towers_nb5_fr015_SJ030_mono0_dis0_occ0_boxroom_0013_img,False
pilot_towers_nb4_fr015_SJ000_gr-01_mono1_dis1_occ1_boxroom_0019_img,True
pilot_towers_nb3_fr015_SJ025_mono1_dis0_occ0_tdwroom_0006_img,False
pilot_towers_nb3_fr015_SJ025_mono1_dis0_occ0_tdwroom_0018_img,True
pilot_towers_nb5_fr015_SJ030_mono0_dis0_occ0_boxroom_0002_img,True
pilot_towers_nb4_fr015_SJ000_gr015sph_mono1_dis0_occ0_tdwroom_0000_img,True
pilot_towers_nb4_fr015_SJ000_gr01_mono0_dis1_occ1_tdwroom_0000_img,True
pilot_towers_nb4_fr015_SJ000_gr000sph_mono1_dis0_occ0_tdwroom_0017_img,True
pilot_towers_nb2_fr015_SJ010_mono1_dis1_occ1_tdwroom_0019_img,False
pilot_towers_nb4_fr015_SJ000_gr01_mono0_dis1_occ1_tdwroom_0019_img,False
pilot_towers_nb3_fr015_SJ025_mono1_dis0_occ0_tdwroom_0008_img,True
pilot_towers_nb4_fr015_SJ000_gr01_mono1_dis0_occ0_boxroom_0002_img,True
pilot_towers_nb4_fr015_SJ000_gr015sph_mono1_dis0_occ0_tdwroom_0018_img,False
pilot_towers_nb4_SJ025_mono1_dis0_occ0_tdwroom_0009_img,True
pilot_towers_nb4_fr015_SJ000_gr01_mono0_dis1_occ1_tdwroom_0001_img,True
pilot_towers_nb3_fr015_SJ025_mono1_dis0_occ0_tdwroom_0014_img,True
pilot_towers_nb4_SJ025_mono1_dis1_occ1_boxroom_0005_img,True
pilot_towers_nb4_fr015_SJ000_gr015sph_mono1_dis0_occ0_tdwroom_0001_img,False
pilot_towers_nb4_SJ025_mono1_dis0_occ0_tdwroom_0004_img,False
pilot_towers_nb4_fr015_SJ000_gr-01_mono1_dis1_occ1_boxroom_0007_img,True
pilot_towers_nb4_fr015_SJ000_gr-01_mono1_dis1_occ1_boxroom_0010_img,True
pilot_towers_nb5_fr015_SJ030_mono0_dis0_occ0_boxroom_0017_img,False
pilot_towers_nb4_fr015_SJ000_gr01_mono0_dis1_occ1_tdwroom_0009_img,True
pilot_towers_nb5_fr015_SJ030_mono0_dis0_occ0_boxroom_0003_img,False
pilot_towers_nb4_fr015_SJ000_gr015sph_mono1_dis0_occ0_tdwroom_0007_img,False
pilot_towers_nb2_fr015_SJ010_mono1_dis1_occ1_tdwroom_0017_img,False
pilot_towers_nb3_fr015_SJ025_mono1_dis0_occ0_tdwroom_0005_img,False
pilot_towers_nb4_fr015_SJ000_gr01_mono0_dis1_occ1_tdwroom_0014_img,True
pilot_linking_nl1-8_mg000_aCylcap_bCyl_tdwroom_0014_img,False
pilot_linking_nl4-8_mg-005_aCyl_bCyl_occ1_dis1_tdwroom_0026_img,True
pilot_linking_nl1-8_mg000_aCylcap_bCyl_tdwroom_0016_img,True
pilot_linking_nl1-8_mg000_aCylcap_bCyl_tdwroom_0021_img,False
pilot_linking_nl4-8_mg-005_aCyl_bCyl_occ1_dis1_tdwroom_0014_img,True
pilot_linking_nl1-5_aNone_bCube_occ1_dis1_tdwroom_0024_img,False
pilot_linking_nl6_aCyl_bCube_occ1_dis1_boxroom_0019_img,False
pilot_linking_nl1-8_ms03_aCylcap_bCyl_occ1_dis1_tdwroom_0018_img,False
pilot_linking_nl6_aCyl_bCube_occ1_dis1_boxroom_0017_img,True
pilot_linking_nl4-8_mg-005_aCyl_bCyl_occ1_dis1_tdwroom_0004_img,False
pilot_linking_nl6_aCyl_bCube_occ1_dis1_boxroom_0021_img,False
pilot_linking_nl1-6_ms03-7_aCylcap_bCyl_tdwroom_0021_img,True
pilot_linking_nl6_aCyl_bCube_occ1_dis1_boxroom_0000_img,True
pilot_linking_nl1-8_ms03_aCylcap_bCyl_occ1_dis1_tdwroom_0002_img,True
pilot_linking_nl4-8_mg-005_aCyl_bCyl_occ1_dis1_tdwroom_0016_img,True
pilot_linking_nl1-5_aNone_bCube_occ1_dis1_tdwroom_0008_img,False
pilot_linking_nl2-3_mg01_aCone_bCyl_boxroom_0004_img,False
pilot_linking_nl6_aCyl_bCube_occ1_dis1_boxroom_0003_img,False
pilot_linking_nl6_aCyl_bCube_occ1_dis1_boxroom_0008_img,False
pilot_linking_nl1-5_aNone_bCube_occ1_dis1_tdwroom_0020_img,False
pilot_linking_nl1-5_aNone_bCube_occ1_dis1_tdwroom_0015_img,False
pilot_linking_nl1-8_ms03_aCylcap_bCyl_occ1_dis1_tdwroom_0021_img,True
pilot_linking_nl1-8_mg000_aCylcap_bCyl_tdwroom_0003_img,False
pilot_linking_nl1-5_aNone_bCube_occ1_dis1_tdwroom_0019_img,False
pilot_linking_nl1-6_ms03-7_aCylcap_bCyl_tdwroom_0014_img,True
pilot_linking_nl1-5_aNone_bCube_occ1_dis1_tdwroom_0018_img,False
pilot_linking_nl1-8_ms03_aCylcap_bCyl_occ1_dis1_tdwroom_0022_img,False
pilot_linking_nl4-8_mg-005_aCyl_bCyl_occ1_dis1_tdwroom_0005_img,False
pilot_linking_nl4-8_mg-005_aCyl_bCyl_occ1_dis1_tdwroom_0012_img,False
pilot_linking_nl1-8_mg000_aCylcap_bCyl_tdwroom_0019_img,False
pilot_linking_nl1-6_ms03-7_aCylcap_bCyl_tdwroom_0005_img,True
pilot_linking_nl1-8_mg000_aCylcap_bCyl_tdwroom_0008_img,True
pilot_linking_nl2-3_mg01_aCone_bCyl_boxroom_0023_img,False
pilot_linking_nl1-8_mg000_aCylcap_bCyl_tdwroom_0013_img,True
pilot_linking_nl4-8_mg-005_aCyl_bCyl_occ1_dis1_tdwroom_0018_img,False
pilot_linking_nl6_aCyl_bCube_occ1_dis1_boxroom_0007_img,False
pilot_linking_nl2-3_mg01_aCone_bCyl_boxroom_0013_img,False
pilot_linking_nl1-8_ms03_aCylcap_bCyl_occ1_dis1_tdwroom_0013_img,True
pilot_linking_nl1-6_ms03-7_aCylcap_bCyl_tdwroom_0018_img,False
pilot_linking_nl1-8_ms03_aCylcap_bCyl_occ1_dis1_tdwroom_0007_img,False
pilot_linking_nl1-5_aNone_bCube_occ1_dis1_tdwroom_0023_img,False
pilot_linking_nl2-3_mg01_aCone_bCyl_boxroom_0020_img,False
pilot_linking_nl4-8_mg-005_aCyl_bCyl_occ1_dis1_tdwroom_0022_img,False
pilot_linking_nl1-8_mg000_aCylcap_bCyl_tdwroom_0002_img,True
pilot_linking_nl2-3_mg01_aCone_bCyl_boxroom_0016_img,True
pilot_linking_nl1-6_ms03-7_aCylcap_bCyl_tdwroom_0009_img,True
pilot_linking_nl2-3_mg01_aCone_bCyl_boxroom_0003_img,True
pilot_linking_nl1-5_aNone_bCube_occ1_dis1_tdwroom_0007_img,True
pilot_linking_nl1-5_aNone_bCube_occ1_dis1_tdwroom_0004_img,False
pilot_linking_nl6_aCyl_bCube_occ1_dis1_boxroom_0020_img,False
pilot_linking_nl1-8_ms03_aCylcap_bCyl_occ1_dis1_tdwroom_0011_img,True
pilot_linking_nl1-8_ms03_aCylcap_bCyl_occ1_dis1_tdwroom_0004_img,True
pilot_linking_nl1-6_ms03-7_aCylcap_bCyl_tdwroom_0004_img,True
pilot_linking_nl1-6_ms03-7_aCylcap_bCyl_tdwroom_0001_img,True
pilot_linking_nl1-6_ms03-7_aCylcap_bCyl_tdwroom_0002_img,True
pilot_linking_nl1-8_mg000_aCylcap_bCyl_tdwroom_0010_img,False
pilot_linking_nl1-8_mg000_aCylcap_bCyl_tdwroom_0007_img,False
pilot_linking_nl4-8_mg-005_aCyl_bCyl_occ1_dis1_tdwroom_0015_img,False
pilot_linking_nl4-8_mg-005_aCyl_bCyl_occ1_dis1_tdwroom_0019_img,True
pilot_linking_nl2-3_mg01_aCone_bCyl_boxroom_0000_img,True
pilot_linking_nl1-6_ms03-7_aCylcap_bCyl_tdwroom_0017_img,False
pilot_linking_nl1-8_ms03_aCylcap_bCyl_occ1_dis1_tdwroom_0000_img,True
pilot_linking_nl4-8_mg-005_aCyl_bCyl_occ1_dis1_tdwroom_0025_img,True
pilot_linking_nl2-3_mg01_aCone_bCyl_boxroom_0010_img,False
pilot_linking_nl2-3_mg01_aCone_bCyl_boxroom_0007_img,False
pilot_linking_nl1-5_aNone_bCube_occ1_dis1_tdwroom_0013_img,False
pilot_linking_nl1-8_ms03_aCylcap_bCyl_occ1_dis1_tdwroom_0009_img,True
pilot_linking_nl4-8_mg-005_aCyl_bCyl_occ1_dis1_tdwroom_0021_img,True
pilot_linking_nl1-5_aNone_bCube_occ1_dis1_tdwroom_0002_img,True
pilot_linking_nl1-8_ms03_aCylcap_bCyl_occ1_dis1_tdwroom_0014_img,False
pilot_linking_nl2-3_mg01_aCone_bCyl_boxroom_0002_img,False
pilot_linking_nl1-6_ms03-7_aCylcap_bCyl_tdwroom_0023_img,False
pilot_linking_nl1-8_ms03_aCylcap_bCyl_occ1_dis1_tdwroom_0020_img,True
pilot_linking_nl6_aCyl_bCube_occ1_dis1_boxroom_0023_img,True
pilot_linking_nl4-8_mg-005_aCyl_bCyl_occ1_dis1_tdwroom_0031_img,False
pilot_linking_nl6_aCyl_bCube_occ1_dis1_boxroom_0013_img,True
pilot_linking_nl1-6_ms03-7_aCylcap_bCyl_tdwroom_0007_img,False
pilot_linking_nl4-8_mg-005_aCyl_bCyl_occ1_dis1_tdwroom_0028_img,True
pilot_linking_nl4-8_mg-005_aCyl_bCyl_occ1_dis1_tdwroom_0023_img,False
pilot_linking_nl1-8_mg000_aCylcap_bCyl_tdwroom_0000_img,False
pilot_linking_nl1-5_aNone_bCube_occ1_dis1_tdwroom_0021_img,True
pilot_linking_nl2-3_mg01_aCone_bCyl_boxroom_0001_img,True
pilot_linking_nl4-8_mg-005_aCyl_bCyl_occ1_dis1_tdwroom_0013_img,True
pilot_linking_nl1-5_aNone_bCube_occ1_dis1_tdwroom_0009_img,False
pilot_linking_nl2-3_mg01_aCone_bCyl_boxroom_0015_img,True
pilot_linking_nl6_aCyl_bCube_occ1_dis1_boxroom_0001_img,False
pilot_linking_nl1-8_ms03_aCylcap_bCyl_occ1_dis1_tdwroom_0015_img,True
pilot_linking_nl4-8_mg-005_aCyl_bCyl_occ1_dis1_tdwroom_0011_img,True
pilot_linking_nl1-8_mg000_aCylcap_bCyl_tdwroom_0022_img,False
pilot_linking_nl1-8_ms03_aCylcap_bCyl_occ1_dis1_tdwroom_0006_img,True
pilot_linking_nl4-8_mg-005_aCyl_bCyl_occ1_dis1_tdwroom_0030_img,False
pilot_linking_nl4-8_mg-005_aCyl_bCyl_occ1_dis1_tdwroom_0020_img,True
pilot_linking_nl6_aCyl_bCube_occ1_dis1_boxroom_0002_img,False
pilot_linking_nl4-8_mg-005_aCyl_bCyl_occ1_dis1_tdwroom_0033_img,True
pilot_linking_nl4-8_mg-005_aCyl_bCyl_occ1_dis1_tdwroom_0008_img,True
pilot_linking_nl1-5_aNone_bCube_occ1_dis1_tdwroom_0012_img,False
pilot_linking_nl1-8_mg000_aCylcap_bCyl_tdwroom_0005_img,True
pilot_linking_nl2-3_mg01_aCone_bCyl_boxroom_0011_img,True
pilot_linking_nl1-8_ms03_aCylcap_bCyl_occ1_dis1_tdwroom_0005_img,True
pilot_linking_nl4-8_mg-005_aCyl_bCyl_occ1_dis1_tdwroom_0006_img,True
pilot_linking_nl6_aCyl_bCube_occ1_dis1_boxroom_0006_img,True
pilot_linking_nl1-5_aNone_bCube_occ1_dis1_tdwroom_0014_img,False
pilot_linking_nl1-8_ms03_aCylcap_bCyl_occ1_dis1_tdwroom_0010_img,False
pilot_linking_nl4-8_mg-005_aCyl_bCyl_occ1_dis1_tdwroom_0010_img,False
pilot_linking_nl2-3_mg01_aCone_bCyl_boxroom_0021_img,True
pilot_linking_nl1-6_ms03-7_aCylcap_bCyl_tdwroom_0010_img,True
pilot_linking_nl1-8_ms03_aCylcap_bCyl_occ1_dis1_tdwroom_0003_img,True
pilot_linking_nl1-6_ms03-7_aCylcap_bCyl_tdwroom_0011_img,True
pilot_linking_nl1-8_mg000_aCylcap_bCyl_tdwroom_0001_img,False
pilot_linking_nl1-6_ms03-7_aCylcap_bCyl_tdwroom_0008_img,False
pilot_linking_nl4-8_mg-005_aCyl_bCyl_occ1_dis1_tdwroom_0017_img,False
pilot_linking_nl4-8_mg-005_aCyl_bCyl_occ1_dis1_tdwroom_0032_img,True
pilot_linking_nl1-8_ms03_aCylcap_bCyl_occ1_dis1_tdwroom_0012_img,True
pilot_linking_nl1-8_ms03_aCylcap_bCyl_occ1_dis1_tdwroom_0023_img,True
pilot_linking_nl1-6_ms03-7_aCylcap_bCyl_tdwroom_0024_img,True
pilot_linking_nl1-8_mg000_aCylcap_bCyl_tdwroom_0011_img,False
pilot_linking_nl1-8_mg000_aCylcap_bCyl_tdwroom_0018_img,False
pilot_linking_nl4-8_mg-005_aCyl_bCyl_occ1_dis1_tdwroom_0001_img,False
pilot_linking_nl4-8_mg-005_aCyl_bCyl_occ1_dis1_tdwroom_0009_img,True
pilot_linking_nl1-8_mg000_aCylcap_bCyl_tdwroom_0015_img,True
pilot_linking_nl1-8_ms03_aCylcap_bCyl_occ1_dis1_tdwroom_0016_img,True
pilot_linking_nl1-8_mg000_aCylcap_bCyl_tdwroom_0012_img,False
pilot_linking_nl4-8_mg-005_aCyl_bCyl_occ1_dis1_tdwroom_0027_img,True
pilot_linking_nl1-6_ms03-7_aCylcap_bCyl_tdwroom_0019_img,True
pilot_linking_nl2-3_mg01_aCone_bCyl_boxroom_0017_img,False
pilot_linking_nl1-8_ms03_aCylcap_bCyl_occ1_dis1_tdwroom_0019_img,True
pilot_linking_nl2-3_mg01_aCone_bCyl_boxroom_0009_img,True
pilot_linking_nl1-6_ms03-7_aCylcap_bCyl_tdwroom_0013_img,True
pilot_linking_nl1-6_ms03-7_aCylcap_bCyl_tdwroom_0022_img,True
pilot_linking_nl2-3_mg01_aCone_bCyl_boxroom_0012_img,False
pilot_linking_nl2-3_mg01_aCone_bCyl_boxroom_0005_img,False
pilot_linking_nl1-6_ms03-7_aCylcap_bCyl_tdwroom_0020_img,False
pilot_linking_nl6_aCyl_bCube_occ1_dis1_boxroom_0018_img,False
pilot_linking_nl1-8_ms03_aCylcap_bCyl_occ1_dis1_tdwroom_0008_img,True
pilot_linking_nl2-3_mg01_aCone_bCyl_boxroom_0008_img,True
pilot_linking_nl4-8_mg-005_aCyl_bCyl_occ1_dis1_tdwroom_0024_img,False
pilot_linking_nl2-3_mg01_aCone_bCyl_boxroom_0019_img,False
pilot_linking_nl1-6_ms03-7_aCylcap_bCyl_tdwroom_0012_img,False
pilot_linking_nl1-8_mg000_aCylcap_bCyl_tdwroom_0017_img,True
pilot_linking_nl6_aCyl_bCube_occ1_dis1_boxroom_0024_img,False
pilot_linking_nl1-5_aNone_bCube_occ1_dis1_tdwroom_0022_img,False
pilot_linking_nl6_aCyl_bCube_occ1_dis1_boxroom_0011_img,True
pilot_linking_nl1-6_ms03-7_aCylcap_bCyl_tdwroom_0000_img,False
pilot_linking_nl6_aCyl_bCube_occ1_dis1_boxroom_0005_img,True
pilot_linking_nl6_aCyl_bCube_occ1_dis1_boxroom_0012_img,True
pilot_linking_nl4-8_mg-005_aCyl_bCyl_occ1_dis1_tdwroom_0002_img,True
pilot_linking_nl1-5_aNone_bCube_occ1_dis1_tdwroom_0006_img,False
pilot_linking_nl6_aCyl_bCube_occ1_dis1_boxroom_0015_img,False
pilot_linking_nl1-8_ms03_aCylcap_bCyl_occ1_dis1_tdwroom_0001_img,True
pilot_linking_nl1-5_aNone_bCube_occ1_dis1_tdwroom_0001_img,False
pilot-containment-cylinder-bowl_0007_img,True
pilot-containment-cylinder-bowl_0015_img,False
pilot-containment-vase_0012_img,False
pilot-containment-box_0006_img,False
pilot-containment-cone-plate_0017_img,False
pilot-containment-box_0015_img,True
pilot-containment-vase_0018_img,True
pilot-containment-torus_0015_img,True
pilot-containment-bowl_0024_img,True
pilot-containment-vase_0024_img,False
pilot-containment-box_0003_img,True
pilot-containment-bowl_0018_img,True
pilot-containment-cone-plate_0006_img,True
pilot-containment-cone-plate_0022_img,True
pilot-containment-bowl_0007_img,False
pilot-containment-cylinder-bowl_0024_img,True
pilot-containment-multi-bowl_0014_img,False
pilot-containment-box_0017_img,True
pilot-containment-multi-bowl_0004_img,False
pilot-containment-bowl_0021_img,True
pilot-containment-torus_0010_img,False
pilot-containment-cone-plate_0012_img,False
pilot-containment-torus_0005_img,False
pilot-containment-box_0012_img,True
pilot-containment-cylinder-bowl_0020_img,False
pilot-containment-cone-plate_0019_img,True
pilot-containment-box_0013_img,True
pilot-containment-cylinder-bowl_0021_img,False
pilot-containment-bowl_0002_img,True
pilot-containment-multi-bowl_0016_img,True
pilot-containment-box_0014_img,True
pilot-containment-vase_0004_img,False
pilot-containment-cone-plate_0020_img,True
pilot-containment-cone-plate_0005_img,False
pilot-containment-box_0002_img,False
pilot-containment-cylinder-bowl_0023_img,False
pilot-containment-cylinder-bowl_0003_img,False
pilot-containment-bowl_0001_img,False
pilot-containment-vase_0006_img,True
pilot-containment-vase_0002_img,True
pilot-containment-box_0024_img,False
pilot-containment-torus_0003_img,True
pilot-containment-box_0011_img,False
pilot-containment-vase_0001_img,True
pilot-containment-box_0008_img,True
pilot-containment-vase_0022_img,False
pilot-containment-cone-plate_0004_img,True
pilot-containment-box_0016_img,True
pilot-containment-multi-bowl_0005_img,True
pilot-containment-bowl_0030_img,False
pilot-containment-cone-plate_0010_img,True
pilot-containment-cone-plate_0007_img,False
pilot-containment-multi-bowl_0018_img,False
pilot-containment-cone-plate_0000_img,True
pilot-containment-vase_0005_img,False
pilot-containment-torus_0013_img,False
pilot-containment-bowl_0033_img,False
pilot-containment-torus_0007_img,False
pilot-containment-torus_0012_img,False
pilot-containment-bowl_0034_img,True
pilot-containment-cylinder-bowl_0001_img,False
pilot-containment-torus_0002_img,True
pilot-containment-cylinder-bowl_0006_img,True
pilot-containment-bowl_0014_img,True
pilot-containment-multi-bowl_0015_img,True
pilot-containment-torus_0009_img,False
pilot-containment-bowl_0027_img,False
pilot-containment-bowl_0023_img,False
pilot-containment-cylinder-bowl_0018_img,True
pilot-containment-bowl_0026_img,False
pilot-containment-torus_0000_img,True
pilot-containment-bowl_0019_img,False
pilot-containment-vase_0016_img,True
pilot-containment-multi-bowl_0012_img,True
pilot-containment-box_0007_img,True
pilot-containment-bowl_0020_img,False
pilot-containment-multi-bowl_0000_img,True
pilot-containment-multi-bowl_0003_img,False
pilot-containment-torus_0020_img,True
pilot-containment-box_0018_img,False
pilot-containment-cone-plate_0013_img,True
pilot-containment-multi-bowl_0019_img,True
pilot-containment-vase_0015_img,False
pilot-containment-bowl_0029_img,True
pilot-containment-bowl_0013_img,True
pilot-containment-bowl_0016_img,False
pilot-containment-multi-bowl_0020_img,False
pilot-containment-cone-plate_0003_img,True
pilot-containment-vase_0023_img,False
pilot-containment-cone-plate_0015_img,True
pilot-containment-vase_0003_img,False
pilot-containment-torus_0004_img,False
pilot-containment-vase_0010_img,False
pilot-containment-bowl_0022_img,False
pilot-containment-bowl_0032_img,True
pilot-containment-bowl_0031_img,False
pilot-containment-box_0004_img,True
pilot-containment-multi-bowl_0006_img,True
pilot-containment-cone-plate_0001_img,False
pilot-containment-cone-plate_0016_img,True
pilot-containment-bowl_0008_img,False
pilot-containment-torus_0014_img,False
pilot-containment-vase_0000_img,False
pilot-containment-vase_0013_img,False
pilot-containment-vase_0019_img,True
pilot-containment-cone-plate_0021_img,True
pilot-containment-vase_0008_img,False
pilot-containment-multi-bowl_0021_img,True
pilot-containment-bowl_0003_img,True
pilot-containment-box_0023_img,True
pilot-containment-multi-bowl_0022_img,False
pilot-containment-box_0000_img,False
pilot-containment-box_0020_img,False
pilot-containment-vase_0021_img,True
pilot-containment-cylinder-bowl_0011_img,True
pilot-containment-bowl_0005_img,False
pilot-containment-box_0019_img,False
pilot-containment-bowl_0025_img,False
pilot-containment-bowl_0009_img,False
pilot-containment-cylinder-bowl_0022_img,False
pilot-containment-multi-bowl_0001_img,False
pilot-containment-multi-bowl_0007_img,False
pilot-containment-box_0021_img,True
pilot-containment-cylinder-bowl_0008_img,True
pilot-containment-bowl_0028_img,True
pilot-containment-cylinder-bowl_0016_img,True
pilot-containment-vase_0014_img,True
pilot-containment-cone-plate_0008_img,True
pilot-containment-multi-bowl_0010_img,True
pilot-containment-bowl_0010_img,False
pilot-containment-multi-bowl_0023_img,True
pilot-containment-cylinder-bowl_0002_img,False
pilot-containment-cylinder-bowl_0010_img,True
pilot-containment-torus_0001_img,True
pilot-containment-torus_0008_img,True
pilot-containment-cone-plate_0002_img,False
pilot-containment-multi-bowl_0008_img,True
pilot-containment-vase_0007_img,False
pilot-containment-torus_0006_img,True
pilot-containment-box_0022_img,False
pilot-containment-cone-plate_0011_img,True
pilot-containment-bowl_0015_img,False
pilot-containment-cylinder-bowl_0004_img,True
pilot-containment-torus_0024_img,False
pilot-containment-vase_0009_img,False
pilot-containment-cone-plate_0024_img,True
pilot-containment-multi-bowl_0011_img,False
pilot-containment-multi-bowl_0009_img,True
pilot-containment-torus_0021_img,False
pilot-containment-vase_0020_img,False
pilot_it2_rollingSliding_simple_ledge_tdw_2_dis_2_occ_0010_img,True
pilot_it2_rollingSliding_simple_ledge_box_2_dis_2_occ_0007_img,True
pilot_it2_rollingSliding_simple_ramp_box_2_dis_2_occ_0006_img,False
pilot_it2_rollingSliding_simple_ramp_box_2_dis_2_occ_0010_img,False
pilot_it2_rollingSliding_simple_ledge_box_0004_img,True
pilot_it2_rollingSliding_simple_collision_tdw_1_dis_1_occ_0007_img,True
pilot_it2_rollingSliding_simple_ramp_box_2_dis_2_occ_0000_img,False
pilot_it2_rollingSliding_simple_collision_tdw_2_dis_2_occ_0009_img,True
pilot_it2_rollingSliding_simple_collision_box_0010_img,False
pilot_it2_rollingSliding_simple_ledge_tdw_1_dis_1_occ_0000_img,True
pilot_it2_rollingSliding_simple_ramp_box_1_dis_1_occ_0010_img,True
pilot_it2_rollingSliding_simple_collision_box_1_dis_1_occ_0000_img,False
pilot_it2_rollingSliding_simple_collision_box_2_dis_2_occ_0003_img,True
pilot_it2_rollingSliding_simple_ledge_box_1_dis_1_occ_0004_img,False
pilot_it2_rollingSliding_simple_collision_tdw_1_dis_1_occ_0006_img,False
pilot_it2_rollingSliding_simple_ledge_tdw_2_dis_2_occ_0009_img,True
pilot_it2_rollingSliding_simple_ramp_tdw_1_dis_1_occ_0001_img,False
pilot_it2_rollingSliding_simple_ledge_tdw_2_dis_2_occ_0012_img,False
pilot_it2_rollingSliding_simple_ledge_tdw_2_dis_2_occ_0006_img,True
pilot_it2_rollingSliding_simple_ledge_tdw_1_dis_1_occ_0004_img,False
pilot_it2_rollingSliding_simple_collision_tdw_1_dis_1_occ_0005_img,True
pilot_it2_rollingSliding_simple_ledge_tdw_1_dis_1_occ_0001_img,True
pilot_it2_rollingSliding_simple_ramp_tdw_1_dis_1_occ_0010_img,False
pilot_it2_rollingSliding_simple_collision_box_0006_img,False
pilot_it2_rollingSliding_simple_ramp_box_1_dis_1_occ_0003_img,False
pilot_it2_rollingSliding_simple_ledge_tdw_2_dis_2_occ_0007_img,False
pilot_it2_rollingSliding_simple_ledge_box_0005_img,False
pilot_it2_rollingSliding_simple_ramp_box_2_dis_2_occ_0012_img,True
pilot_it2_rollingSliding_simple_ledge_box_1_dis_1_occ_0008_img,True
pilot_it2_rollingSliding_simple_collision_box_0000_img,True
pilot_it2_rollingSliding_simple_ledge_box_1_dis_1_occ_0003_img,True
pilot_it2_rollingSliding_simple_ramp_box_2_dis_2_occ_0005_img,True
pilot_it2_rollingSliding_simple_ledge_tdw_2_dis_2_occ_0000_img,False
pilot_it2_rollingSliding_simple_collision_tdw_1_dis_1_occ_0009_img,False
pilot_it2_rollingSliding_simple_ledge_box_1_dis_1_occ_0006_img,False
pilot_it2_rollingSliding_simple_ledge_tdw_2_dis_2_occ_0005_img,False
pilot_it2_rollingSliding_simple_collision_box_1_dis_1_occ_0009_img,True
pilot_it2_rollingSliding_simple_ledge_tdw_2_dis_2_occ_0011_img,False
pilot_it2_rollingSliding_simple_collision_box_0004_img,True
pilot_it2_rollingSliding_simple_ledge_tdw_2_dis_2_occ_0001_img,False
pilot_it2_rollingSliding_simple_collision_box_1_dis_1_occ_0003_img,False
pilot_it2_rollingSliding_simple_collision_tdw_1_dis_1_occ_0012_img,False
pilot_it2_rollingSliding_simple_collision_box_2_dis_2_occ_0008_img,False
pilot_it2_rollingSliding_simple_ramp_box_2_dis_2_occ_0009_img,True
pilot_it2_rollingSliding_simple_ledge_tdw_2_dis_2_occ_0002_img,False
pilot_it2_rollingSliding_simple_collision_tdw_1_dis_1_occ_0000_img,True
pilot_it2_rollingSliding_simple_collision_tdw_2_dis_2_occ_0008_img,True
pilot_it2_rollingSliding_simple_ledge_box_2_dis_2_occ_0004_img,True
pilot_it2_rollingSliding_simple_ledge_tdw_1_dis_1_occ_0002_img,True
pilot_it2_rollingSliding_simple_collision_box_1_dis_1_occ_0012_img,False
pilot_it2_rollingSliding_simple_collision_tdw_2_dis_2_occ_0012_img,False
pilot_it2_rollingSliding_simple_ramp_box_1_dis_1_occ_0011_img,False
pilot_it2_rollingSliding_simple_collision_box_2_dis_2_occ_0000_img,False
pilot_it2_rollingSliding_simple_ledge_box_1_dis_1_occ_0001_img,False
pilot_it2_rollingSliding_simple_collision_tdw_2_dis_2_occ_0006_img,False
pilot_it2_rollingSliding_simple_collision_box_2_dis_2_occ_0004_img,False
pilot_it2_rollingSliding_simple_ramp_tdw_1_dis_1_occ_0003_img,False
pilot_it2_rollingSliding_simple_ledge_tdw_1_dis_1_occ_0010_img,True
pilot_it2_rollingSliding_simple_ramp_box_2_dis_2_occ_0001_img,False
pilot_it2_rollingSliding_simple_ledge_box_0012_img,True
pilot_it2_rollingSliding_simple_ramp_tdw_1_dis_1_occ_0002_img,True
pilot_it2_rollingSliding_simple_collision_tdw_2_dis_2_occ_0001_img,False
pilot_it2_rollingSliding_simple_ledge_box_1_dis_1_occ_0005_img,True
pilot_it2_rollingSliding_simple_ledge_box_2_dis_2_occ_0009_img,True
pilot_it2_rollingSliding_simple_ramp_tdw_1_dis_1_occ_0007_img,False
pilot_it2_rollingSliding_simple_ramp_tdw_1_dis_1_occ_0005_img,True
pilot_it2_rollingSliding_simple_collision_tdw_1_dis_1_occ_0001_img,False
pilot_it2_rollingSliding_simple_ledge_box_1_dis_1_occ_0010_img,True
pilot_it2_rollingSliding_simple_ledge_box_2_dis_2_occ_0011_img,True
pilot_it2_rollingSliding_simple_ramp_box_1_dis_1_occ_0005_img,True
pilot_it2_rollingSliding_simple_ledge_box_1_dis_1_occ_0011_img,True
pilot_it2_rollingSliding_simple_collision_box_1_dis_1_occ_0004_img,False
pilot_it2_rollingSliding_simple_ramp_tdw_1_dis_1_occ_0000_img,True
pilot_it2_rollingSliding_simple_ledge_box_2_dis_2_occ_0012_img,False
pilot_it2_rollingSliding_simple_ledge_box_0010_img,True
pilot_it2_rollingSliding_simple_collision_box_2_dis_2_occ_0001_img,False
pilot_it2_rollingSliding_simple_collision_box_2_dis_2_occ_0010_img,False
pilot_it2_rollingSliding_simple_collision_tdw_1_dis_1_occ_0003_img,False
pilot_it2_rollingSliding_simple_collision_box_1_dis_1_occ_0005_img,False
pilot_it2_rollingSliding_simple_ramp_box_1_dis_1_occ_0012_img,False
pilot_it2_rollingSliding_simple_collision_tdw_1_dis_1_occ_0010_img,False
pilot_it2_rollingSliding_simple_ledge_tdw_1_dis_1_occ_0008_img,True
pilot_it2_rollingSliding_simple_collision_tdw_2_dis_2_occ_0010_img,False
pilot_it2_rollingSliding_simple_collision_box_1_dis_1_occ_0002_img,True
pilot_it2_rollingSliding_simple_ledge_tdw_2_dis_2_occ_0004_img,True
pilot_it2_rollingSliding_simple_collision_box_0003_img,True
pilot_it2_rollingSliding_simple_collision_box_1_dis_1_occ_0007_img,True
pilot_it2_rollingSliding_simple_ledge_box_2_dis_2_occ_0001_img,False
pilot_it2_rollingSliding_simple_collision_tdw_2_dis_2_occ_0007_img,False
pilot_it2_rollingSliding_simple_ledge_box_1_dis_1_occ_0007_img,True
pilot_it2_rollingSliding_simple_collision_tdw_2_dis_2_occ_0004_img,True
pilot_it2_rollingSliding_simple_collision_box_2_dis_2_occ_0006_img,True
pilot_it2_rollingSliding_simple_collision_box_1_dis_1_occ_0001_img,False
pilot_it2_rollingSliding_simple_ledge_box_2_dis_2_occ_0006_img,True
pilot_it2_rollingSliding_simple_ledge_tdw_2_dis_2_occ_0003_img,True
pilot_it2_rollingSliding_simple_ledge_box_2_dis_2_occ_0008_img,False
pilot_it2_rollingSliding_simple_ledge_box_0003_img,True
pilot_it2_rollingSliding_simple_ramp_box_2_dis_2_occ_0003_img,False
pilot_it2_rollingSliding_simple_ramp_tdw_1_dis_1_occ_0006_img,False
pilot_it2_rollingSliding_simple_collision_box_2_dis_2_occ_0012_img,True
pilot_it2_rollingSliding_simple_collision_tdw_2_dis_2_occ_0005_img,True
pilot_it2_rollingSliding_simple_ledge_tdw_1_dis_1_occ_0003_img,True
pilot_it2_rollingSliding_simple_collision_box_2_dis_2_occ_0005_img,False
pilot_it2_rollingSliding_simple_ledge_box_1_dis_1_occ_0012_img,True
pilot_it2_rollingSliding_simple_collision_box_1_dis_1_occ_0008_img,True
pilot_it2_rollingSliding_simple_collision_box_0012_img,True
pilot_it2_rollingSliding_simple_collision_box_0005_img,False
pilot_it2_rollingSliding_simple_ledge_box_0000_img,False
pilot_it2_rollingSliding_simple_collision_box_0002_img,False
pilot_it2_rollingSliding_simple_collision_tdw_1_dis_1_occ_0004_img,False
pilot_it2_rollingSliding_simple_ramp_box_1_dis_1_occ_0001_img,False
pilot_it2_rollingSliding_simple_ledge_tdw_2_dis_2_occ_0008_img,False
pilot_it2_rollingSliding_simple_ledge_box_0002_img,True
pilot_it2_rollingSliding_simple_ramp_tdw_1_dis_1_occ_0004_img,True
pilot_it2_rollingSliding_simple_collision_box_0009_img,True
pilot_it2_rollingSliding_simple_ledge_box_1_dis_1_occ_0000_img,True
pilot_it2_rollingSliding_simple_ledge_box_2_dis_2_occ_0000_img,False
pilot_it2_rollingSliding_simple_ledge_box_1_dis_1_occ_0002_img,True
pilot_it2_rollingSliding_simple_collision_tdw_1_dis_1_occ_0011_img,False
pilot_it2_rollingSliding_simple_ledge_tdw_1_dis_1_occ_0012_img,True
pilot_it2_rollingSliding_simple_collision_box_2_dis_2_occ_0002_img,True
pilot_it2_rollingSliding_simple_ledge_box_2_dis_2_occ_0002_img,True
pilot_it2_rollingSliding_simple_collision_box_1_dis_1_occ_0010_img,False
pilot_it2_rollingSliding_simple_collision_tdw_2_dis_2_occ_0011_img,False
pilot_it2_rollingSliding_simple_ledge_box_2_dis_2_occ_0003_img,True
pilot_it2_rollingSliding_simple_collision_box_1_dis_1_occ_0006_img,False
pilot_it2_rollingSliding_simple_collision_box_0011_img,False
pilot_it2_rollingSliding_simple_ramp_tdw_1_dis_1_occ_0008_img,False
pilot_it2_rollingSliding_simple_collision_box_1_dis_1_occ_0011_img,True
pilot_it2_rollingSliding_simple_ledge_box_0011_img,False
pilot_it2_rollingSliding_simple_ramp_box_2_dis_2_occ_0007_img,True
pilot_it2_rollingSliding_simple_collision_box_2_dis_2_occ_0011_img,False
pilot_it2_rollingSliding_simple_ramp_tdw_1_dis_1_occ_0012_img,True
pilot_it2_rollingSliding_simple_ledge_box_0007_img,True
pilot_it2_rollingSliding_simple_ramp_tdw_1_dis_1_occ_0011_img,True
pilot_it2_rollingSliding_simple_ledge_box_0008_img,True
pilot_it2_rollingSliding_simple_ramp_box_1_dis_1_occ_0009_img,True
pilot_it2_rollingSliding_simple_ledge_box_0006_img,True
pilot_it2_rollingSliding_simple_collision_box_2_dis_2_occ_0009_img,True
pilot_it2_rollingSliding_simple_ramp_box_1_dis_1_occ_0006_img,False
pilot_it2_rollingSliding_simple_ramp_box_2_dis_2_occ_0011_img,True
pilot_it2_rollingSliding_simple_collision_tdw_1_dis_1_occ_0002_img,False
pilot_it2_rollingSliding_simple_ramp_box_1_dis_1_occ_0002_img,True
pilot_it2_rollingSliding_simple_ramp_box_1_dis_1_occ_0000_img,False
pilot_it2_rollingSliding_simple_ledge_box_2_dis_2_occ_0010_img,False
pilot_it2_rollingSliding_simple_ramp_box_2_dis_2_occ_0008_img,True
pilot_it2_rollingSliding_simple_collision_box_0007_img,False
pilot_it2_rollingSliding_simple_ramp_box_1_dis_1_occ_0008_img,False
pilot_it2_rollingSliding_simple_ramp_box_1_dis_1_occ_0004_img,False
pilot_it2_rollingSliding_simple_ramp_box_1_dis_1_occ_0007_img,True
pilot_it2_drop_sidezone_tdw_2_dis_2_occ_0005_img,True
pilot_it2_drop_sidezone_tdw_1_dis_1_occ_0009_img,True
pilot_it2_drop_sidezone_box_1_dis_1_occ_0000_img,True
pilot_it2_drop_sidezone_box_1_dis_1_occ_0007_img,False
pilot_it2_drop_all_bowls_tdw_2_dis_2_occ_0003_img,True
pilot_it2_drop_sizes_box_0006_img,True
pilot_it2_drop_sidezone_tdw_1_dis_1_occ_0000_img,False
pilot_it2_drop_sizes_box_1_dis_1_occ_0005_img,True
pilot_it2_drop_simple_tdw_2_dis_2_occ_0005_img,False
pilot_it2_drop_sizes_tdw_1_dis_1_occ_0005_img,False
pilot_it2_drop_sidezone_box_2_dis_2_occ_0000_img,False
pilot_it2_drop_sizes_box_2_dis_2_occ_0002_img,False
pilot_it2_drop_all_bowls_box_1_dis_1_occ_0006_img,False
pilot_it2_drop_simple_tdw_2_dis_2_occ_0007_img,True
pilot_it2_drop_sidezone_box_1_dis_1_occ_0001_img,True
pilot_it2_drop_sizes_box_1_dis_1_occ_0000_img,True
pilot_it2_drop_simple_tdw_1_dis_1_occ_0006_img,True
pilot_it2_drop_sizes_box_0008_img,True
pilot_it2_drop_simple_tdw_1_dis_1_occ_0009_img,True
pilot_it2_drop_all_bowls_box_0003_img,False
pilot_it2_drop_all_bowls_box_0006_img,False
pilot_it2_drop_all_bowls_box_1_dis_1_occ_0008_img,False
pilot_it2_drop_simple_box_1_dis_1_occ_0004_img,True
pilot_it2_drop_sidezone_box_2_dis_2_occ_0002_img,False
pilot_it2_drop_all_bowls_tdw_1_dis_1_occ_0007_img,False
pilot_it2_drop_sizes_box_0003_img,True
pilot_it2_drop_sidezone_box_1_dis_1_occ_0008_img,True
pilot_it2_drop_simple_box_2_dis_2_occ_0006_img,False
pilot_it2_drop_all_bowls_box_1_dis_1_occ_0000_img,True
pilot_it2_drop_sizes_tdw_2_dis_2_occ_0001_img,True
pilot_it2_drop_sizes_tdw_2_dis_2_occ_0008_img,True
pilot_it2_drop_simple_box_2_dis_2_occ_0001_img,True
pilot_it2_drop_sizes_box_1_dis_1_occ_0007_img,True
pilot_it2_drop_simple_tdw_2_dis_2_occ_0000_img,False
pilot_it2_drop_sidezone_tdw_1_dis_1_occ_0005_img,True
pilot_it2_drop_sizes_tdw_2_dis_2_occ_0007_img,False
pilot_it2_drop_sidezone_box_2_dis_2_occ_0001_img,True
pilot_it2_drop_simple_box_1_dis_1_occ_0005_img,False
pilot_it2_drop_all_bowls_tdw_1_dis_1_occ_0000_img,True
pilot_it2_drop_all_bowls_box_2_dis_2_occ_0006_img,False
pilot_it2_drop_all_bowls_tdw_2_dis_2_occ_0001_img,False
pilot_it2_drop_all_bowls_box_0004_img,True
pilot_it2_drop_all_bowls_box_1_dis_1_occ_0005_img,True
pilot_it2_drop_sidezone_box_0004_img,False
pilot_it2_drop_all_bowls_tdw_1_dis_1_occ_0004_img,True
pilot_it2_drop_sizes_tdw_1_dis_1_occ_0004_img,False
pilot_it2_drop_sidezone_box_1_dis_1_occ_0005_img,True
pilot_it2_drop_sizes_box_1_dis_1_occ_0008_img,True
pilot_it2_drop_all_bowls_box_2_dis_2_occ_0005_img,True
pilot_it2_drop_all_bowls_box_2_dis_2_occ_0009_img,True
pilot_it2_drop_simple_tdw_1_dis_1_occ_0002_img,True
pilot_it2_drop_sidezone_box_0008_img,False
pilot_it2_drop_sizes_tdw_1_dis_1_occ_0000_img,False
pilot_it2_drop_all_bowls_tdw_2_dis_2_occ_0002_img,False
pilot_it2_drop_all_bowls_box_2_dis_2_occ_0002_img,False
pilot_it2_drop_simple_tdw_2_dis_2_occ_0008_img,False
pilot_it2_drop_simple_tdw_2_dis_2_occ_0009_img,True
pilot_it2_drop_all_bowls_box_2_dis_2_occ_0004_img,False
pilot_it2_drop_sidezone_box_0003_img,False
pilot_it2_drop_all_bowls_tdw_2_dis_2_occ_0006_img,True
pilot_it2_drop_sidezone_tdw_1_dis_1_occ_0003_img,False
pilot_it2_drop_all_bowls_tdw_1_dis_1_occ_0002_img,False
pilot_it2_drop_sizes_box_0002_img,False
pilot_it2_drop_sidezone_box_1_dis_1_occ_0009_img,True
pilot_it2_drop_sidezone_box_1_dis_1_occ_0003_img,True
pilot_it2_drop_sizes_box_1_dis_1_occ_0003_img,True
pilot_it2_drop_simple_tdw_2_dis_2_occ_0004_img,True
pilot_it2_drop_all_bowls_tdw_2_dis_2_occ_0007_img,False
pilot_it2_drop_simple_tdw_1_dis_1_occ_0003_img,False
pilot_it2_drop_sizes_box_1_dis_1_occ_0001_img,True
pilot_it2_drop_all_bowls_tdw_1_dis_1_occ_0001_img,False
pilot_it2_drop_sizes_box_0009_img,False
pilot_it2_drop_all_bowls_tdw_2_dis_2_occ_0008_img,False
pilot_it2_drop_all_bowls_tdw_2_dis_2_occ_0000_img,False
pilot_it2_drop_all_bowls_box_1_dis_1_occ_0007_img,False
pilot_it2_drop_simple_tdw_2_dis_2_occ_0006_img,True
pilot_it2_drop_sidezone_tdw_2_dis_2_occ_0008_img,True
pilot_it2_drop_sizes_box_2_dis_2_occ_0005_img,True
pilot_it2_drop_sidezone_box_0006_img,True
pilot_it2_drop_all_bowls_tdw_2_dis_2_occ_0004_img,True
pilot_it2_drop_simple_tdw_2_dis_2_occ_0002_img,False
pilot_it2_drop_simple_box_1_dis_1_occ_0001_img,False
pilot_it2_drop_sizes_box_2_dis_2_occ_0007_img,True
pilot_it2_drop_simple_box_2_dis_2_occ_0000_img,True
pilot_it2_drop_sidezone_tdw_2_dis_2_occ_0002_img,True
pilot_it2_drop_all_bowls_tdw_2_dis_2_occ_0009_img,True
pilot_it2_drop_sizes_tdw_2_dis_2_occ_0009_img,False
pilot_it2_drop_simple_box_1_dis_1_occ_0008_img,False
pilot_it2_drop_sidezone_box_2_dis_2_occ_0008_img,True
pilot_it2_drop_sidezone_box_2_dis_2_occ_0006_img,True
pilot_it2_drop_simple_tdw_1_dis_1_occ_0004_img,False
pilot_it2_drop_sidezone_box_1_dis_1_occ_0002_img,True
pilot_it2_drop_sizes_tdw_2_dis_2_occ_0000_img,False
pilot_it2_drop_simple_box_2_dis_2_occ_0007_img,True
pilot_it2_drop_simple_box_2_dis_2_occ_0003_img,True
pilot_it2_drop_sidezone_box_2_dis_2_occ_0007_img,False
pilot_it2_drop_sizes_tdw_1_dis_1_occ_0008_img,False
pilot_it2_drop_simple_box_1_dis_1_occ_0007_img,False
pilot_it2_drop_all_bowls_box_1_dis_1_occ_0004_img,False
pilot_it2_drop_all_bowls_box_2_dis_2_occ_0003_img,True
pilot_it2_drop_sidezone_tdw_2_dis_2_occ_0001_img,False
pilot_it2_drop_sidezone_box_0002_img,False
pilot_it2_drop_sidezone_tdw_2_dis_2_occ_0009_img,False
pilot_it2_drop_all_bowls_box_2_dis_2_occ_0007_img,True
pilot_it2_drop_sizes_box_2_dis_2_occ_0001_img,False
pilot_it2_drop_sizes_tdw_1_dis_1_occ_0006_img,False
pilot_it2_drop_sidezone_box_1_dis_1_occ_0004_img,False
pilot_it2_drop_sidezone_tdw_1_dis_1_occ_0004_img,False
pilot_it2_drop_sizes_tdw_1_dis_1_occ_0007_img,True
pilot_it2_drop_all_bowls_tdw_1_dis_1_occ_0009_img,False
pilot_it2_drop_sizes_tdw_2_dis_2_occ_0002_img,True
pilot_it2_drop_all_bowls_box_1_dis_1_occ_0001_img,False
pilot_it2_drop_sizes_box_2_dis_2_occ_0009_img,True
pilot_it2_drop_sidezone_box_0000_img,False
pilot_it2_drop_sizes_box_1_dis_1_occ_0004_img,True
pilot_it2_drop_simple_box_1_dis_1_occ_0000_img,False
pilot_it2_drop_sidezone_tdw_1_dis_1_occ_0007_img,True
pilot_it2_drop_all_bowls_box_0001_img,False
pilot_it2_drop_sidezone_tdw_2_dis_2_occ_0006_img,False
pilot_it2_drop_all_bowls_box_2_dis_2_occ_0001_img,False
pilot_it2_drop_all_bowls_box_1_dis_1_occ_0003_img,False
pilot_it2_drop_all_bowls_tdw_1_dis_1_occ_0005_img,False
pilot_it2_drop_all_bowls_box_1_dis_1_occ_0002_img,True
pilot_it2_drop_sizes_tdw_1_dis_1_occ_0003_img,True
pilot_it2_drop_simple_tdw_2_dis_2_occ_0003_img,True
pilot_it2_drop_sizes_box_2_dis_2_occ_0003_img,False
pilot_it2_drop_sidezone_box_2_dis_2_occ_0005_img,True
pilot_it2_drop_sidezone_box_1_dis_1_occ_0006_img,True
pilot_it2_drop_all_bowls_tdw_1_dis_1_occ_0008_img,True
pilot_it2_drop_simple_box_2_dis_2_occ_0005_img,False
pilot_it2_drop_sizes_tdw_1_dis_1_occ_0009_img,True
pilot_it2_drop_sidezone_box_2_dis_2_occ_0004_img,True
pilot_it2_drop_all_bowls_box_2_dis_2_occ_0008_img,True
pilot_it2_drop_all_bowls_tdw_1_dis_1_occ_0003_img,False
pilot_it2_drop_all_bowls_box_0008_img,False
pilot_it2_drop_simple_box_1_dis_1_occ_0002_img,False
pilot_it2_drop_sizes_tdw_1_dis_1_occ_0001_img,True
pilot_it2_drop_simple_box_2_dis_2_occ_0004_img,False
pilot_it2_drop_simple_box_1_dis_1_occ_0009_img,True
pilot_it2_drop_sizes_box_0000_img,True
pilot_it2_drop_sidezone_box_2_dis_2_occ_0009_img,True
pilot_it2_drop_sidezone_tdw_2_dis_2_occ_0000_img,False
pilot_it2_drop_sidezone_tdw_2_dis_2_occ_0004_img,False
pilot_it2_drop_sidezone_tdw_2_dis_2_occ_0003_img,True
pilot_it2_drop_sizes_box_0005_img,True
pilot_it2_drop_sizes_box_2_dis_2_occ_0008_img,True
pilot_it2_drop_simple_tdw_2_dis_2_occ_0001_img,False
pilot_it2_drop_all_bowls_tdw_2_dis_2_occ_0005_img,False
pilot_it2_drop_sizes_tdw_2_dis_2_occ_0003_img,False
pilot_it2_drop_sizes_box_0001_img,False
test14_0007_img,False
test14_0015_img,True
test15_0007_img,False
test13_0009_img,False
test15_0009_img,True
test18_0005_img,True
test11_0015_img,True
test11_0002_img,False
test15_0010_img,True
test12_0012_img,True
test15_0001_img,False
test15_0018_img,False
test10_0018_img,False
test16_0002_img,True
test16_0006_img,True
test17_0006_img,False
test19_0000_img,False
test11_0016_img,True
test16_0014_img,False
test19_0002_img,True
test19_0013_img,False
test19_0005_img,False
test14_0011_img,True
test12_0003_img,True
test19_0003_img,True
test12_0011_img,True
test11_0009_img,False
test17_0013_img,True
test19_0015_img,False
test16_0019_img,False
test11_0003_img,False
test15_0019_img,False
test12_0001_img,True
test10_0016_img,True
test17_0010_img,False
test12_0002_img,True
test19_0011_img,False
test18_0008_img,True
test10_0011_img,False
test19_0017_img,False
test19_0007_img,True
test17_0012_img,False
test11_0006_img,True
test13_0002_img,False
test18_0012_img,False
test10_0013_img,False
test16_0008_img,True
test18_0007_img,False
test15_0014_img,False
test16_0015_img,True
test16_0007_img,False
test11_0008_img,False
test17_0003_img,True
test12_0007_img,True
test10_0010_img,True
test18_0002_img,True
test10_0014_img,True
test18_0010_img,True
test17_0004_img,True
test11_0001_img,True
test18_0016_img,True
test15_0004_img,False
test13_0019_img,True
test12_0004_img,False
test13_0012_img,False
test13_0017_img,False
test18_0006_img,False
test11_0004_img,False
test14_0013_img,False
test17_0014_img,False
test12_0013_img,True
test16_0013_img,False
test19_0008_img,True
test19_0016_img,False
test17_0019_img,False
test13_0004_img,True
test11_0005_img,False
test17_0001_img,False
test10_0006_img,True
test14_0001_img,True
test16_0009_img,True
test15_0005_img,True
test13_0006_img,True
test14_0019_img,True
test10_0017_img,True
test19_0019_img,False
test18_0014_img,True
test13_0018_img,False
test17_0009_img,False
test12_0017_img,True
test11_0018_img,False
test19_0012_img,False
test14_0003_img,True
test11_0017_img,False
test11_0019_img,False
test12_0014_img,True
test15_0000_img,False
test15_0011_img,False
test19_0010_img,False
test16_0003_img,False
test10_0002_img,True
test12_0005_img,True
test18_0001_img,True
test11_0013_img,False
test13_0015_img,True
test12_0019_img,True
test13_0013_img,False
test17_0018_img,False
test15_0006_img,False
test14_0018_img,True
test14_0009_img,True
test16_0000_img,False
test10_0001_img,False
test12_0009_img,False
test13_0010_img,True
test16_0004_img,True
test15_0012_img,False
test13_0011_img,False
test15_0003_img,False
test17_0017_img,False
test17_0007_img,False
test13_0000_img,False
test15_0016_img,True
test14_0014_img,True
test12_0018_img,False
test13_0001_img,False
test17_0016_img,False
test18_0009_img,True
test11_0011_img,True
test18_0013_img,False
test12_0000_img,True
test17_0000_img,True
test14_0004_img,True
test11_0010_img,True
test18_0000_img,False
test19_0006_img,False
test18_0015_img,True
test10_0015_img,True
test15_0015_img,True
test15_0017_img,True
test19_0004_img,False
test13_0007_img,True
test10_0007_img,True
test18_0004_img,False
test14_0016_img,True
test17_0011_img,True
test12_0008_img,True
test16_0010_img,True
test18_0003_img,False
test14_0017_img,True
